sentence,predicted,true
"꾸리꾸리한 디자인, 꾸리꾸리한 재미.",1,0
".......................호오, 제법이군요? 하지만 제 개돼지력은 53만입니다.",1,0
"인터랙션이 있는 괜찮은 비쥬얼 노벨. 홀로 집에 남겨졌을 때의 허전함을 게임을 통해 느낄 수 있음. 하지만 플레이 타임이 너무 짧고, 게임성이라고 볼 만한 요소가 거의 없는게 아쉬움.",1,0
스토리 라인을 매우 흥미롭게 몰입을 하면서 플레이 한다하더라도... 결론은 유비식 오픈월드라는 점! 을 깨닫게 되는것이다! 유비스타일 ㅗㅗ,1,0
이거 시작하고나서 조금 걸었는데 속이 울렁거려ㅡㅡ,1,0
내후년쯤에 사거라 애송이,1,0
키를 잊어 먹었는데 외국게임이라 그런가 찾는방법을 모르겠음 ㅁㅎ 겜은 잼있는거 같아보임 ㅜㅜ,1,0
"나쁘진 않은거 같은데 ""아직""은 콘텐츠가 부족하다.",1,0
이겜 30분만 해도 머리가 깨짐니당,1,0
잠깐했는데 화면이 너무 .. 속이쓰리다.,1,0
정식 버전 언제 나오나요 ?,1,0
이거 게임 설치 한적도 없는데 깔려있다고 뜨고요 최신버전으로 다운 받으래요 어떻게 다운받아요?,1,0
재밌긴한데 랙이 심하네요.. 서버 문젠가?,1,0
이거 사신다고 생각한다면 우선 영상을보고 고민하시고 아 이래도 사야겠다면 개적화를 생각하고 그래도 산다면 60달러를 세이브더칠드런에 보내는게 유익합니다 아 그래도 좀비는 재밌더라고요,1,0
양을 반갈죽해서 놀랫음..;,1,0
기억의 습작 과거의 명성과 추억을 보정삼아 습작 게임을 내놓은거 같음,1,0
그냥 퍼즐게임입니다 퍼즐게임 플래시게임이나 모바일게임에서 흔하게 볼수있는 그런 퍼즐게임,1,0
다른 사람하고 엮기는거 싫어함,1,0
재미있긴한데 할게 너무 없음 dlc좀 많이 내주세요.,1,0
ㅋㅋㅋㅋㅋㅋㅋ딥실버 개발자새끼들 생각자체가 글러 먹었네 지들이 왕인줄 알아요ㅋㅋㅋㅋㅋ,1,0
같이 할 사람이 없다. 댕댕아 미안해 내가 많이 부려먹어서,1,0
자원을 캐고 마을을 확장하면서 과연 이건 무슨 스토리인가 궁금증을 풀기위해 계속 하게 됩니다. 그 끝엔 오직...,1,0
이세계에서 겜인 내가 현실에서는 메타 74점??,1,0
"호쾌한 액션, 긴장감넘치는 스토리 그런데 너무 짧다. 뭔가 있어보이기만 하는 게임",1,0
이거 겜 아님,1,0
시발 왜 3840 2160은 왜 한글이 안되는거임? 유저 한글패치땐 그렇다 쳐도 본 한글패치때 이러는건 좀 아니지않냐? 그래도 잼있음,1,0
그래... 퍼즐도 있고... 스토리도 있고... 그런데 게임깨고 나니까 왠지 앞으로 전진만 한것 같은 느낌?,1,0
게임이 재미있고 좋은거 같긴한데 나만 그런진 모르겠지만 프로젝트에 있는 크바시어 박사 프로젝트 보면 한글이 아니라 이상한 검은색 ¶살짝 이렇게 생긴 걸로 표시됨,1,0
레즈마르 센세!!!!,1,0
물론 지금도 계속 하고 있고 앞으로도 계속 하기는 하겠지만... 렉이 너무 심해서 힘들때가 많음. 그래서 하다가 안되겠다 싶은 날은 다른 게임을 함. 하지만 계속 하게 되네. 렉만 제발 어떻게 좀 해주세요. LAGGGGGGGGGG,1,0
아니 왜 일러랑 목소리랑 따로 노냐고 어이가 없네 그리고 두더지잡기 ㅈ같네 근데 목소리 개쩐당,1,0
나름 초창기에 했었는데 그때는 사람도 좀 있었고 재미있게 했는데 업데이트가 못 받혀주니 할만한 컨텐츠가 없어서 질리더군요.. 요즘은 사람도 없는거 같은데 안타깝네요,1,0
동방태그달린 히오스,1,0
클릭만 딱딱하다가 시간 가는 겜이다. 노잼이지만 배경 보는 맛은 있다.,1,0
존나웃긴겜이네 할인해도 하는사람이없네 ㅋㅋㅋㅋㅋ 아니 전부다 봇이야 ㅋㅋㅋㅋㅋ,1,0
시디키 입력하라고 뜨는데 CD키를 도대체 어디서 봐야함? 그리고 원래 자동등록 되지않나?,1,0
갓겜이니까 꼭 사라 무조건 사야한다 존나 갓겜임 ㅎㅎㅎ,1,0
"데모'만' 재밌다 속지마 쉬,,펄,,,",1,0
앙 빅모띠 개어려워,1,0
친절하지도 않고 쉽지도 않으며 분위기랑 중국풍인거 말고는 쉽지 않은 난이도에 쉽게 질려버림 다만 횡스크롤 형식으로 옮긴건 신선하고 좋았음,1,0
내가 해본 게임 중 돈 모으기 가장 힘든 게임,1,0
혹여나 옛 향수에 젖어 다시 해보고 싶으신분들. 추억은 추억으로 간직할때가 아름답다고 했습니다. 돌아가십시요.,1,0
게임 관리 하고있냐?ㅋㅋ,1,0
사람을 죽이는 101가지 방법,1,0
난이도 무기 그래픽 조작성의 개선이 필요하다 지금은 조잡할뿐이다,1,0
그저 그렇습니다 그냥 시간떄우는 용도네요,1,0
21000 / 2 = 42000 기적을 보여준 아침휴식 내가 이게임 21000원의 반의 반값으로 KOK만 샀더라면 하는 생각이 듭니다. 게임이 나쁜건 아녜요. 제작진이 버린게임일뿐.,1,0
*주의(for korean) 녀러분들의 영어실력을 과신하지마세요읽을라해도 눈까리가 아파서 못읽음근데 .주타이쿤보다 리얼한건 맞음.,1,0
새벽에 불끄고 혼자 해도 안무서운 게임 진심 갑자기 크툴루같은놈들 나와서 장르를 헷갈리게 함 하다가 잘뻔했음 수면이 필요한데 잠이 안올때 수면제로 적극 추천 VR로 하면 더 쩔듯 VR로 하셈 난 돈없어서 VR기기 못삼,1,0
미친 주인공이 자살하네 ㅋㅋㅋㅋㅋㅋㅋㅋㅋ,1,0
장애물과 미사일을 피해가면서 다른 행성으로 가는 게임. 게임이 단순해서 조금하면 질린다.. 문제는 도전과제 100%를 따려면 23시간을 채워야 된다는 것...,1,0
"원시인 아재의 모험 걸음도 느릿,점프도 느릿, 잘하다가 브금도 자동으로 멈추며 스테이지는 5 천원도 비싼감이 잇다. 무료니까 한겜!",1,0
재밌게 엔딩 3까지보고 버그로 인해 기분 잡친 게임. 발매하고 7개월 동안 버그가 산제하다니... 100%를 목표로 하는 나에게는 너무 힘든 경험이였습니다. 물론 심심풀이로 적당히 하고 마실 라이트 유저라면 딱히 돈 아까울 일은 없을겁니다.,1,0
"순수하다면 재미있게 즐길수있겠지 난 너무 어른이 돼버렸어... if you pure, play very nice but i'm so old . TT zirara youtube zzang",1,0
공포가 싫어서 엄지를 아래로 내리는 게임,1,0
2%의 생각과 98%의 우연에 기대는 퍼즐. 머리를 더 쓴다면 더 쓸 수 있지만 물리학도가 아닌 이상 관두는 게 좋다,1,0
평소에 벌레가 되고 싶었다면 추천...,1,0
앞에 원숭이:ㅎㅇ 뒤에 원숭이:ㅎㅇ 오른쪽 원숭이:ㅎㅇ 왼쪽 원숭이:ㅎㅇ 나:시팔련드라,1,0
나쁘지 않지만 ....,1,0
정확하게 말해주자면 친목질 쌉오짐. : 화본역이든 뭐든 사람들 인사해준다고? ㄴㄴ 지들끼리 친목질하기 바빠서 내가 말걸지 않는 이상 절대 말안걸어준다 그거 때문에 못끼는 사람들 개많이 봄 하려면 친구랑 하는 것을 추천한다,1,0
내 멘탈을 최초로 대국적으로 터트린 갓 게임,1,0
거ㅢ다 점령하고 열심히하고있는데 초기화 됬네요 해결좀...,1,0
액션을 가장한 길찾기 게임.,1,0
그래픽은 좋은데 조작감이 뭔가 좀 부족함,1,0
"하드모드 2.5 챕터를 깨고 싶은데, 시련 최종장 이 망할 녀석은 도대체가 죽질 않네.",1,0
머리아팠음,1,0
열심히 파밍해서 집 틀어막아도 집 한가운데 떡하니 좀비가 생성됨 어쩌라고?,1,0
재미는 있지만 번역이 구글번역기 수준이라는게 좀 그렇네요.,1,0
구입하기 전에 다시 한번 생각 해보는거 추천,1,0
만나서즐거웠고 다시는보지말자,1,0
오버워치 코인 제대로 탄 게임 애초에 게임이 아닌가?,1,0
와우 놀랍네요 이런 게임을...,1,0
ㅈㅂ 오픈월드...,1,0
고등학생때 알바한돈으로 산게임 정식 버전되면 할려하는대 이속도면 결혼하고 내 자식이 손자를 낳아야 정식버전이 될듯,1,0
tlqk인생한방겜,1,0
토크온 확장팩,1,0
차이라면 리듬에 짜여진 내 소장 노래를 조종한다는 건데 온전히 리듬을 즐기며 하기엔 좀 싱겁다 2011.11.12,1,0
스트리머들이 데스 스트랜딩 하는 거 보다가 저사양 노트북으로라도 한번 택배배달 해보겠다고 켰다가 2시간만에 껐다.,1,0
게임성에 집중이 필요함 영상에 낚이지 마시오,1,0
나름 할만한 게임인 것 같음. 손이라 자꾸 겜터져서 접음.,1,0
H1Z1그래픽을 업그레이드한 느낌 .......,1,0
핵꿀잼 ㄹㅇㅍㅌ,1,0
"재미있지만, 이런류의 장르에 선택지로 스킵하는 기능이 없다는게 상식적으로 말이 안됨",1,0
윤서인의 3번째 모험입니다. 빨갱이의 우주정복을 막는 윤서인씨의 감동적인 대서사시를 지금만나보십시오.,1,0
길치라서 그런가 어디로 가야돼지;;,1,0
모바일로 해라 모바일로,1,0
오토체스가 아니였다면 국내에선 빛을 못 본게임,1,0
왜 나만 야광봉 안줘?,1,0
정말 현실을 살기 싫을 정도로 제 자신이 미워지면 그 때 다시 해보렵니다.,1,0
푹익힌 진골 찐따전용 게임,1,0
혼자하면 재미없다.,1,0
이시바 내가 이거때문에 방송하면서 이거 분명 우는 클립 나왔을꺼야 근데 정작 중요한건 사람들이 놀랄만한 장면이 안나왔데...,1,0
솔직히 한번씩 깨고 질림;;,1,0
긍정적인 평가가 없다는 것이 놀라운 게임 . 두번째 놀라운 것은 . 이 게임이 2016 년 작품이라는 것이다 . Under Zero/10,1,0
긴장하고 기다려라 코에이 올해 삼국지 토탈워 나온다.,1,0
평가 : - 잘 살린 FPS+RTS - 진행 스타일이 완전히 다른 각 진영임에도 적절한 밸런스 - 높은 진입장벽과 적은 유저수 - 아쉬운 최적화,1,0
병 신,1,0
그래픽 OST 분위기 다 너무 좋은데 너무 어려워서 화딱지나요... 손은 사지마세여...ㅠㅠ;;,1,0
게임이름 Mistover에서 Miss too Over로 바꾸자?,1,0
뭐야 이거 왜 이제서야 지역락 풀려?,1,0
이 게임?? 이건 뭘까요??,1,0
파크라이 3 다음 작 -> 파 크라이 3 : 페이건 폐하와 함께 춤을 그 다음 작 -> 파 크라이 3 : 웬자 훔바훔바,1,0
마트에서 훔친 카트타고 노는 남자.,1,0
여러므로 재미있게 놀았다.그런데 철권을 주로 했던 사람들에겐 비추.전혀 다른 게임이다.,1,0
플탐 30분 아낌 없이 주는 도전과제 물대신 알코올을 마시는 불곰국 남자 알렉스 인생 최후의 타즈딩고,1,0
그냥 저냥 TD입니다.,1,0
처음 플레이 할시 한국인은 언어의 장벽에 가로 막힐수도 있다.하지만 한국유저들이 많다. 그리고 혼자서 플레이가 되게 힘든 게임이 굳이 플레이 하고싶으면 친구랑 하는걸 추천한다.,1,0
그림이 아닌 번호로 퍼즐을 맞춰야 함. 클리어 후에도 뒤틀린 야짤을 봐야해서 속상.,1,0
할인하면 괜찮은데 정가는 좀,1,0
"좋은 스토리, 매력 넘치는 캐릭터들.. 하지만 난이도가 매우 높아 중반부 이후로는 공략 없이는 진행이 불가능했다. 직접 퍼즐을 풀어보고 싶어하는 사람들에게는 맞지 않는 게임. 5/10",1,0
플삼으로 재밌게 해서 그런가 피씨판에 좀 아쉬움. 특히 윈도우 라이븐가 뭔가 하는 그거... 개인적으로 gta5 그래픽으로 리마스터 한번 해주면 좋겠음. 윈도우 라이브는 떼고...,1,0
중장갑에 훈련받은 로마군 병사들은 천옷을 입은 게르만을 이기지 못했다,1,0
어 너 무 별 론 데,1,0
sibal 저같은 쫄보도 존나 뭐지? 싶은 게임입니다만 ㄱ-....... 해보고 싶으시다면 해보시죠.............,1,0
다른 평가에 비해서 그렇게 재밌게 했던 게임은 아님,1,0
진짜 베타테스트정도인 게임을 이가격에 당당히 올려놨다는게 신기하네요 매칭시스템부터 버그하나하나 따지면 끝도없을거 같습니다 최소 3개월뒤정도에 대충 자리잡히고 구매하셔야 정서적으로 좋을듯합니다.,1,0
게미로프트 그들은 노바3에서 멈췄어야했다.,1,0
친구없으면 못하는 게임,1,0
사진12개 먹어도 안깨지는 망겜,1,0
아직도 게임을 잘 모르겠습니다,1,0
그럭저럭 재밌는데 색감이 너무 강해서 눈이 아파요 ㅠㅠ,1,0
너무재밌어요;;,1,0
정가주고 사기엔 아까운 게임 플탐도 생가보다 짧음,1,0
싱글말곤 할게없는게임,1,0
이게 시발 어떻게 압도적입니까? 제작사 직원 1만명이 평가한겁니까?;;,1,0
이 앞 겜있다.,1,0
야 이거 싸움 구경하는 게임이다~~,1,0
와우! VR로 하면 멀미나고 VR안껴도 멀미가 나는 스노우 우리의 작업관리자를 부르는 게임!!!!,1,0
광주 폭동 진압 시뮬레이터,1,0
고구려 모드 업데이트 해주세요 제가 이 게임 산 이유가 고구려 모드때문입니다,1,0
시이풀 혼모노 개새끼들 카테고리 불문하고 싺다 애니여 쒸펄,1,0
않이 이게 왜 내 라이브러리에 있지?!?!?!?!?!,1,0
왜 니 삽을 날줘요?,1,0
"윈10 기준 저장했던 파일 불러오는데 자꾸 팅겨서 진행안되서 짜증났는데, Large Address Aware.exe깔아서 해결됬습니다 참고하세요",1,0
한국어와 영어가 섞여있어 비희망,1,0
태권도 오지게하는게임 내가 태권도 유단자다 하면 잘하실수있습니다 (발차기 오지게함),1,0
당신이 M속성이라면 갓겜 스스로를 고문하는데에 있어 더없이 좋은 방법입니다 ^^,1,0
파고들만한 가능성은 무궁무진하게 보이지만 굉장히 하드코어한 게임이다. 던전 안에 들어가자마자 생각없이 걸어다니면 가시나 돌덩이 화살에 맞고 10초도 안돼서 뒤지더라. 하드코어함을 견디지 못하는 사람들한테는 비추,1,0
게임이 너무 어려운거 같다. 그리고 결정적으로 전직 롬토애들이 더 멋지다. 뽀 디 엠퍼러어어어어어!,1,0
뭔가 죽기위해 존재하는 딸래미같은데... 그래도 전체적으로 나쁘진않음 단점은 반복플레이 하기에는 너무 간단한 스토리때문에 지겨움 추천하긴 어려운데 정 해보고싶으시다면야 뭐....,1,0
하다 보면 졸리다.. 그래서 조금 하다 보면 질린다 그래도 배경은 나쁘지 않다고 생각한다 게임 하는 목적이 없는 사람들에게는 비추천,1,0
워크래프트3 겨울나기 유즈맵 3인칭버전임 ㅅㄱ,1,0
한글안됨. 영어로보면 집중이 안되잖아 ㅡㅡ,1,0
위닝 겜 다됐네,1,0
똘추겜,1,0
같이 할친구가 없어서 외롭다 ㅋㅋㅋㅋㅋㅋㅋㅋㅋ,1,0
"제기준에선 무지하게 어렵네요, 판을넘어가도 죽으면 아예 처음이라니....",1,0
컨셉'만' 좋았다,1,0
멀티안대자너,1,0
갓겜!! 보이지 않는 곳에서 적의 미사일이 날아와서 죽는다!!,1,0
마! 맥스 데려온나!,1,0
2년째 얼리엑세스인 좆망겜이다 개적화만 아니였어도 충분히 돈값은 하는 게임인거같다,1,0
신선하지만 안재밌음.,1,0
1. 보지에 환장한 새끼들 많음 2. 초딩들은 마이크좀 꺼라 3. 타블렛 안먹힘,1,0
난이도가 상당함,1,0
"이 게임을 추천해준 형에게 꼭 하고싶은 말이 있습니다. ""우리가 연을 끊어서 정말 다행이야.""",1,0
머... 아직은 정식이아니니 지켜봐야갯죠,1,0
고양이들만의 여유는 전혀 없는 게임..,1,0
이 게임이 유일하게 빛나던 순간은 처음 정신병동 탈출과 처형인 DLC 뿐이다,1,0
스토리 중심인 FPS 라는것 외에는 특별한 점은 없은 없네요,1,0
완벽하다. 개인적으로 그리고 멀티 플레이를 함에 있어서 협력이 가장 중요하다는 걸 알 수 있는 게임이다.다만 로컬로만 co-op이 된다는 것에 불편함을 느낄 뿐,1,0
처음에는 규칙도 모르고 길을 헤메서 별로였는데 게임을 이해한다면 재미있다. 룰도 모르는 초딩꼬마가 징징대고 소리지르는거 빼고 초딩들의 노래방 그자체,1,0
갓겜임 하셈 꼭 하셈 제발 하셈하셈하셈하셈하셈하셈 ㄹㅇ ㅋㅋㅋ 버러지겜 ㅋㅋㅋㅋㅋㅋㅋㅋㅋㅋㅋㅋㅋㅋㅋㅋㅋㅋㅋㅋㅋ,1,0
이런거 쓰지말고 직접 그려서 쓰세요...,1,0
"추천-비추천 사이 중간이 있었으면 그걸 골랐을 겁니다. 재미는 있어요, 로봇까지는. 근데 발명가랑 마녀는 에피소드 깨는 게 그냥 단순 무식 개노가다에요. 좋은 장비 나올 때까지 계속 지면서 무한 반복하는 것 말고는 딱히 방법이 없습니다.",1,0
그림도 귀엽고 퍼즐류도 재밌다 그치만...= _=너무 짧기도 하고..뭐랄까.. 신나서 퍼즐풀다가 어??엔딩 가까워 오는 거 같은데??ㅓ?? 하다 엔딩이다= _= 엔딩 보고 나면 허무하다...,1,0
블랙 스쿼드(검은 분대)인데 왜 흑인들 안나오나요?,1,0
험블 2k 번들로 1달러에 겟한 작품 더이상 설명이 必要韓紙?,1,0
쓰레기 그러나 다른 의미로는 병맛이기에 더 애착이 간다,1,0
2114.2 시간 시바라마,1,0
이단점프 가능한 해적선장이 날아오는 해골을 피하며 동전을 모으고 오른쪽으로 달려가는 일종의 런게임입니다. 똑같은 맵을 계속 반복하며 해골이 날아오는 속도가 점점 빨라지는데 피격판정이 너무 커서 1스테이지도 클리어하기 힘드네요...,1,0
정말 즐겁다,1,0
다렉 ㅗ,1,0
니가 직접 해봐 개XX야,1,0
아 제발 난 게임이 하고싶어 ㄹㅇ루 1시간 반동안 매칭중 연습게임밖에 못했어... 본게임을 단 한판도 못해봤어..,1,0
"최적화도 좋고, 빠른 게임 플레이도 재미있었음. 베타로 해서 적당히 하다가 삭제하면 될 거 같은 게임.",1,0
이 게임을 하고 암이 재발했습니다.,1,0
스토리-별3 그래픽-별3 조작감-쉬움 장기적흥미-오래못함 가격-적당함 총평-별3,1,0
잘못받았는것같아요,1,0
갓.겜. 이였던것. 이였던것. 정말 갓겜 이였던것.,1,0
이거 발매한지가 언젠데.....나는 왜 아직도 모드에 빠져있는가....,1,0
토탈 게임 사이즈 3G ㅋㅋ,1,0
그래도 주전자365에 있는 자작플래시보다 퀄이 낮아서,1,0
살리도,1,0
멘델의 유전 법칙을 이용한 간단한 교육용 퍼즐 게임. 전반적으로 완성도가 높은 게임이지만 컨텐츠가 부족해서 아쉬움.,1,0
에일리언 모자 어떻게 얻는겨;;,1,0
한결같은데 왜이리 꼴보기 싫어졌니,1,0
게리모드때문에 산 게임,1,0
양심 세이브...ㅇㄷ??,1,0
"아트워크를 중요시한다면 추천, 반복되는 패턴이 질린다면 비추천 .. . .. 그리고 그것이 나... ㅠㅠ",1,0
미사일은 낚시입니다 이 게임에 미사일은 없습니다,1,0
초 - 고 전 - 게 임 치 고 - 너 무 - 재 미 있 다 ~ ★ 근 데 - 스 크 린 샷 - 찍 을 수 - 없 다 ~ ? 아 쉽 다 ~ ★,1,0
게임성은 좋은데 플레이하는게 저는 안맞지만 다른분들한테 맞을수는있으니 한번 해보시는것도 좋을거같아요,1,0
게임은 넘모 재밌읍니다. 그러나 넘모 짧아여. ㅠㅠ 게임 플레이타임 대비 가격이 넘모 비쌈니다 ㅠㅠ,1,0
네?,1,0
"SF, 기계와 사람에 대한 이야기를 좋아하면 해볼만한 정도입니다. 추가로 영어가 상당히 어렵습니다.",1,0
친구들과 함께하면 재미있는 게임 그런데 친구들이랑 하면 뭘 해도 재미있는거 아닐까,1,0
나만 카드받는데 8시간걸렸냐?? 뭐지??,1,0
한글화 한글화 한글화 한글화,1,0
이거 체험판임 본편은 DLC임,1,0
그래서 언제나오죠 그냥 이름빨하고 브금빨만 있던거같음...ㅠ,1,0
무과금이면 살아남기 힘든게임 돈을 질러라 돈,1,0
조선인 특유의 서열놀이와 좆목완장질의 끝판왕을 맛볼 수 있고 국가공인 장애인새끼들이 서로 몸비틀면서 군대놀이를 즐기는 오모시로이 갓게임,1,0
오큘 유저인데 이거 어케 쓰는건지 모르겠다. 원래 vr로 윈도우 화면 못보는거임? 뭐가 좋다는건지?,1,0
마이너 겜 주제에 드럽게 잘만들어놔서 못끊음 발 안들이시는게 좋음 버그 픽스? 꿈도 못꿈 근데 재밌음 헤헤,1,0
하다가 귀찮아서 끔 전작에서 이어진 용병시스템. 마찬가지로 좋은데 왜 빡대가리 ai들만 내 용병인건지 던질까 말까 마냥 차틀 탈까 말까 적을 쏠까 말까 내가 용병인거같음 아무리 봐도 업그레이드해줘 전초기지 갖고와 쟤 찾아와 뭐구해와 메이플을 하겠다,1,0
처음할땐 그럭저럭 재밌는데 좀 있으면 다시는 손 안댑니다. 같이 할 친구 있으면 조금 수명연장 가능할것 같네요.,1,0
킬링타임에 적합한 게임입니다 다만 멀티플레이 서버가 외국을 포함해 거의 죽었습니다,1,0
본인 PC 문제인지는 모르겠으나 첫날부터 4일차 까지 하루에 꼭 한 번 메모리 덤프 블루스크린 떠서 무서워서 못하겠다,1,0
배그랑 비슷해지기만해도 갓겜,1,0
몬헌보단 난이도가 낮아서 덜 빡침 엑박패드 인식만 잘됬어도 좋았을텐데...,1,0
깨고싶은데 길을 몰라,1,0
기대가 되는껨,1,0
처음하는 사람한테는 너무 어렵고 그렇게 재미있지가...,1,0
인원좀 늘려줬으면,1,0
아주 조흔 쓹임,1,0
아나 씁... 같은 곳에서 계속 팅기는데 어떻게 진행하라는거여,1,0
열심히 했는데 이상한데 껴서 못나오네 ㅋㅋㅋㅋ 잠푸좀 만들었으면,1,0
노가다게임 답없다.. 자신이 노가다를 너무좋아한다 = 워프레임 단점 존나 지침,1,0
아직 돈값은 절대 못함. 다만 몇 없는 해양게임이기도 하고 이게 정식은 아니기에 발전 가능성은 있음. 그래도 아직 돈값 못하는건 사실이니 비추고 세일할때나 한번 사보는건 나쁘지않음.,1,0
정말정말 또오옹겜이지만 캐릭터 목소리 들어서 반가웠습니다. 난 겜이여도 좋다! 하시는 분들은 플레이 하셔도 좋습니다. 던전 들어갈 때 리더 다이애나로 해 놓고 하는걸 추천 드립니다. 마나통이 빵빵해서 겜 탈출 시간을 아껴줍니다.,1,0
1100원짜리 프로필 꾸미기용 알파벳 모음입니다 실행 후 A~Z까지 공짜 도전과제를 얻고 종료하세요,1,0
골드 가능함?,1,0
솔직 재미있는데 개 짧음,1,0
재미는 있었는데 생각보다 컨텐츠 폭이 넓진않네요 무료로 배포해서 그런지 나라가 2개 뿐이고 워낙 좋아하는 나라는 맞지만 다양한 분대를 경험 할수 있었 으면 좋겠어요,1,0
몬가...몬가 일어나고 있음...,1,0
타노시하지 않아,1,0
그냥저냥 모바일게임,1,0
유니버스 모드때 관중 소리가 안들리고 완전 잘튕김 그것뺴곤 전부 추천할만함,1,0
"괴상한 게임이었습니다. 그래도 그것대로 매력이 있는 게임이었고요, 기존 게임들과 다른 맛이 있더라고요. 난해하고 이해가 안되는 게임 싫어하시는 분들은 이 게임하지 마세요ㅋㅋ 스토리큰 그냥저냥...한글판 있으면 좋겠어요.",1,0
여친한테 차여서 어둡고 우울한 편집적 예술을 보여주려 했지만 그러지 못했고 더 좋은 일을 할 수 있는 우리의 시간은 소중하다.,1,0
난 이게임을 약 1시간동안 영어해석하면서 겨우겨우하다가컴퓨터 실에서 이겜이 한국에서 만들었단걸 때알았다..왜 한국어는 지원안해줘잉...ㅠㅠㅠㅠㅠㅠ,1,0
멀티 좀 하고 싶음,1,0
그러면 그렇지.... 뭐 나루티밋스톰 마지막 시리즈? 빌어먹을..... 로드 투 보루토 놀구 자빠졋네 예약특전은 개나줘버려야?,1,0
솔직히 계정연동 안되는거 불만이 많아 웃긴거는 기존 계정이랑 연동도 안해주면서 같은 닉네임은 못쓰는거 서버가 같으니까 이해는 좀 한다 그럼 더 상식적으로 이해할수 있게 연동을 해줘,1,0
잘만든게임,1,0
캡콤 운영에 감명받고 갑니다,1,0
잼있음 근데 갑자기 좀안하다 하니깐 게임이 안들어가짐이런 게임은 좀 .............,1,0
재미는 있는데 사람없어 큐안잡힘,1,0
캐릭이 2개밖에 없습니다,1,0
ㅈ병신겜에서 ㅈ이 사라졌다고 갓겜 되는게 아님,1,0
그야말로 좆같다고 하기에 부족함이 없는 게임,1,0
무료로 풀려야 할만한 게임,1,0
후...한국어,1,0
프로필을 이쁘게 꾸밀수 있는 도전과제가 118개나 ! 지금 바로 구매하세요 도전과제로 스팀 프로필을 꾸밀수 있는 절호의 기회! 770원이면 됩니다! 지금 구매하세요! Zup!,1,0
"추억보정도 적당히 해야지... 2만원 정도면 소장가치 있다는 식으로 넘어가겠지만, 4만원짜리를 소장품으로 산다고? 4만원이면 추억보정을 하는게 아니라 리메이크를 해야지",1,0
나오지 않았어도 전혀 아쉽지 않았을게임.,1,0
"아, 이거 한국에서 정식 상용화 했던 그 게임인것 같네요",1,0
아잇! 뭐지 이 찌꺼기는!.....,1,0
데우스 엑스 타이틀이라는 점에선 좋다 근데 스퀘어 에닉스니까 뒤통수에 붕대 미리 감아두면 좋음,1,0
스페이스바에 모든걸 몰아넣은 당신을 저주한다,1,0
내가 게임을 이해못한 건가? 무슨 게임인지 -.-,1,0
빨간팀 파란팀 싸우는거 = 개,1,0
ㅇ..엥?,1,0
야호 돈버렷다,1,0
게임 자체는 정말 좋으나 피해갈수 없는 인종차별이 난무 한다 갑자기 들으면 당황스럽다 또 한가지 사람이 너무 없다 50명도 채 안됨 친목이 너무 심하다는 점도 있다,1,0
저 개인적으로 이 게임 느낌 감동 영상미 게임성 다 빵점(0점) ㅡ.ㅡ,1,0
유린당하지만은 않겠다...!,1,0
몰라 오래하긴 질리더라,1,0
군다 좆병신개새끼 니새끼 고추잘라서 국끓여 먹음 시발련 니새끼 죽여도 존나 어렵네 시발 2페 들어가면 몸땡이 존나커져서 고추도 커지겠네 시발 존나 맛있겠다 시벌련,1,0
장점: 전투기게임 단점: 미션이 안넘어가는 버그투성이,1,0
한글지원한다고 써잇는데 공식한글이라고써잇는거 같은데 언어설정에 한글이 없는데요 스팀비비가도 유저 한글화라고 되있고 링크꺼잇고..,1,0
와칸다,1,0
로딩팁이 제일 재밌는 게임입니다.,1,0
다 된밥에 유플레이 뿌려버리기~,1,0
아 재미있습니다.근데요 패드없으면 망해요,1,0
되도 않는 유료 무기나 만들지말고 게임 컨텐츠를 추가해서 게임의 질을 올릴생각을 해라,1,0
고인물이 될 그날을 꿈꾸며 시작했지만 시발 게임을 하는 시간보다 까는 시간이 훨씬 오래 걸린 초갓겜,1,0
그타짭인듯 아닌듯 뭔가 싶은겜,1,0
해적이 수영을 왜 못해 !,1,0
핑 300에서 놀자니 슈팅게임이 아니라 턴제 게임하는 느낌이 나지만 가끔 한번씩 굴리면 추억돋고 재미있는데 지금와서 입문하시는건 비추천 드립니다,1,0
1.게임을킨다. 2.uplay런처를 본다. 3.환불한다. 4.가족과함께 치킨을먹는다.,1,0
적당히 해야 재미있다. 유저수가 얼마 없고 핑이 기본적으로 100이 넘어가는거 때매 게임하기에 힘든점이 많다. 그리고 고티어 유저는 한명도 없다고 보면된다,1,0
정말 쉽네요ㅎㅎ,1,0
어지러워서 못하겠엉,1,0
걍 간단한 퍼즐 게임 너무 머리 쓰지 않고 적당하게 할수 있음 ㅇㅇ 다만 네일건을 장착시 피니쉬 모션을... 걍 네일건으로 내리찍는거라 실망하고 감,1,0
번역좀 다시해주세요,1,0
8비트,1,0
"이제 과거로 가봅시다... 좋아, 이제 돌아가자...",1,0
한 번 봐서 재밌었고 다시는 보지말자. 엔딩을 보는 극한의 노가다게임,1,0
제대로된 운전연습 시뮬레이션 이다. 하지만 너무나 아쉬운 그래픽과 최적화...그리고 너무좁은 맵... 유로트럭 스케일의 맵과 그래픽만 가졌어도 최고의 게임이 될뻔... 너무 아쉬운 게임이다.,1,0
진짜 하다가 팅기면 개빡침,1,0
이 게임은 유명해서 부가 설명은 하지 않겠습니다.근데 혼자 막 삼국지의 장수가 된것 처럼 몰입하려고 애써야 조금 재밌스빈다. 안그러면 정말 개 힘들고 노잼,1,0
"워페이스와 좀 흡사한 게임 입니다. 개인적으로는 굉장히 재밌었습니다만 한국 서버가 하나도 없는 단점, 데스매치만 주구장창 해야된다는 점에서 한국인이 19.99달러를 지불하고 살 게임은 아닙니다.",1,0
타격감이 아쉽다타격감이 아쉽다타격감이 아쉽다타격감이 아쉽다,1,0
니하는 플레이보이 예전에 하더놈 같은데 이제 양산겜 좀 파나보지? 돈 좀 버냐? 개노잼 놀아라,1,0
근데 멀티는 사람이 아예없네;;;;;; 싱글은 리마스터 전에 해봐서 스토리는 안다만.... 멀티해보려고하니까 사람이 걍 없네,1,0
게임로고 뜨는 부분에서 무한로딩중.... 환불할까 했는데 이 게임 너무하고 싶어서 아직 참아보는 중입니다... 이거 어떻게 해결하나요,1,0
키보드만쓸수있다는게 최대 단점이다.. 마우스로 시점보면서 스킬을쓸수있었으면 더좋았을껄,1,0
90%세일때 구매하셔서 트레이닝카드 얻으세요!,1,0
할인할떄 사는거 아니면 호구임,1,0
게임이 목적이라면 앱플레이어 깔아서 모바일 게임을 하도록 하고 헐벗은 게 목적이라면 폰허브로 가서 3D Hentai나 DOA Hentai를 검색하도록 하자.,1,0
빈민가좀 치워,1,0
하면할수록 지능이 올라가서 달빠를 손절하게 해준 갓겜,1,0
흥미롭지만 오래잡긴 힘든 게임,1,0
한번 빠지면 헤어나올 수 없습니다 그럴빠엔 하지 않는걸 추천 드립니다. 시간이 아닌 인생을 여기에 다 쏟을 가능성이 있습니다. (특히 오덕x 축덕은 더욱 조심하세요),1,0
더블모니터로 키보드 아주 재밋네요,1,0
"그냥 친구랑 가위바위보 하는게 재미있습니다. 친구 없으시면 구매하세요 멀티는 롤컬멀티 밖에 없으니, 싱글모드에서 컴퓨터랑 같이 하시면 됩니다",1,0
조그만..속도가 빨랐으면..실제로는 진짜 빠른데.,1,0
평가는 일단 매칭이 되고 이야기하자,1,0
재밌어??????어??????????재밌냐고!!!!!!!!!!!!!!!!!!!!!!!!!!!!!!!!!이게재밌어??!!!!!!!어!!!!!!!!!!!!!!!!!!!!!!,1,0
대사 하나 없이 스토리를 전달하는 것은 훌륭했습니다. 다만 이 게임에 큰 재미는 느끼지 못했습니다. 그래도 훌륭한 완성도를 갖고 있다는 것은 알겠습니다. 배경음악도 좋았구요.,1,0
너무 갓겜이라 혼자만 하고싶네요,1,0
RPG는 거의 없다시피하지만 액션 만큼은 칭찬해 줄 만한 실험작. 궁금하면 세일할때만 사셈 ㅇㅇ,1,0
체스 게임입니다. 그저 그래요.,1,0
dlc 빨리 내셈,1,0
치매 환자를 위한 치료도구,1,0
오지마 물 탁해진다,1,0
마약을 하고 게임을 만들면 딱 이정도 나올듯,1,0
지금은 구매하기에 시기상조이다. 조금만 더 기다려달라. 세부내용 1. 버그진짜졷나많음 2. AI아직도병신임 3. 밸런스병신 4. 구현안된거졷나많음 조금만 더 기다렸다가 사시오. 근데 ㅈ같은게 재미는 있음,1,0
게임 너무 재밌고 진짜 너무 하고 싶은데 헬기? 헬기로 추정되는 무언가가 나오는 시점에서 자꾸 게임이 튕겨요... 이 게임 너무 하고 싶단말이에요ㅠㅜㅜㅜㅜ,1,0
보스 적당히하세요 ㄹㅇ,1,0
8시간하고 찍쌌다.,1,0
자는 또 낳으면 되는.. 데뎃?,1,0
직원 한명 뽑아주세요 여기있네요 이건 에너지인데요 방금까진 직원이였는디?,1,0
한번에 3000km 넘는 운송하고 다신 안해야지 하면서도 회사 키울 생각에 다시 장거리 운전하고 있는 자신을 보게 될것입니다.,1,0
어쌔신크리드의 변화를 볼수 있어서 좋았다. 근데 하다가 질려서 안하는건 전작들이랑 똑같네,1,0
죄송합니다. 뒷태만 보고 샀습니다. 이걸 3시간 이상을 했다니 나도 대단하다.,1,0
너무 무서워요 진짜... 추가로 게임 시스템적인 설명같은게 많이 부족한게 불편하네요 +엔딩 직전부인거같은데 팅기고 진행 안되네요,1,0
"처음 할땐 머리 싸매면서 열심히 했는데 하면 할수록 대충, 생각없이 이긴다. 마지막엔 지겹지만 끝내려고 마지못해 함",1,0
중간에 플레이어 나가면 턴 안 넘어가는 버그 좀 고쳐주세요. 패치를 제대로 하고 있긴 하나요?,1,0
무료치고는 킬링타임용으로 좋음 근데 처음에 준돈을 뭣도 모르고 다쓰면 그 돈을 복구하기가 빠듯함,1,0
남자지만 여자옷을 입을수 있음,1,0
PC판 기준으로 원판을 갖고 계신분들이 DE를 하시겠다면... 추천하지 않습니다. DE로 나왔는데도 툼레이더 DE 때와는 실망적이네요. 하지만 게임 자체는 재미가 있습니다. 원판을 안해보셨다면 강력 추천합니다.,1,0
"공성전투만큼은 확실하게 구현했다고 말할 수 있겠지만, 긴장감이 빠져 있어서 이걸 정말 재미있는 전투라 말할 수 있는지는 의문이다.",1,0
관,1,0
"다크소울의 시스템을 일부 차용한 듯하며... (화톳불, 암령) 템빨로 밀어붙일때 쾌감은 약간 있지만, 조작감, 게임시스템이 그리 뛰어나다곤 하지 못한 수준. 스토리랄것도 없기때문에, 플래시게임 하는 느낌으로 간편하게 하는 게임이다.",1,0
좀 렉이걸려도 위쳐3 선택을 할것이다,1,0
"요리게임을 가장한 스릴,암살,액션게임 친구랑 싸우고 싶으면 하세요.",1,0
이게임은 전작들 보다 그래픽 이않좋고! 그리고 캐릭터 도 않좋거 같습니다!그래서 데드아일랜드 에피데믹 다시 처음 부터 만들어 야 한다고 생각 함!,1,0
이게임이 존재하는 이유를 알아낼것이다. 늘그랬듯이.,1,0
카오스 어디갔냐,1,0
이게 참 무료 게임이니까 상관 없겠지 싶지만 애니메이션이라던가 그래픽이라던가 많이...부족하네요,1,0
HEVC 5200x2700 영상 돌리는데 끊기네요 ㅡㅡ;; 팟플레이어도 끊기길래 제 컴 문젠줄 알았더니 MPC-HC는 잘 되길래 팟플레이어 64비트로 까니 정상적으로 잘 재생됩니다 좀 잘 만드시면 좋겠네요.,1,0
"실제로 플레이 하지 않았는데, 14시간이나 플레이 한 것으로 나오네",1,0
도대체 길이 어디야?,1,0
가챠 확률은 둘째치고 기회가 많아서 그 부분은 플러스긴 하다 하지만 여태까지 이렇게나 행동 포인트 (FP) 수급에 제한이 많은건 이 게임이 처음인거 같다 느긋해도 너무 느긋하게 플레이해야 할듯,1,0
한패좀,1,0
이걸 왜 262시간이나했을까....,1,0
"전체적으로 생각없이 하기에 재미있는 2D 크래프트 게임이다. 다만 2만원 값어치를 하는지는 의문으로, 75퍼센트 세일 기간에 사서 하기에는 나쁘지 않다.",1,0
잭오내놔 씨바알,1,0
게임은 재미있으나 화면흔들림때문에 두통유발 됨. 그리고 비올때 건물안에도옴 ㅎㅎㅎ 스카이림과 다른 최적화 실행했던 사양 CPU : 인텔® 코어™ i7-7700K VGA : Nvidia GeForce GTX 1070Ti 메모리: 16 GB RAM,1,0
선택된 RPG라는 거창한 제목이 마음에 들어서(절대 가슴이아님)샀는데 친구들은 조센RPG샀다고 놀리고있다.,1,0
살다살다 그란투리스모4보다 어려운 레이싱 게임은 처음 봅니다,1,0
크흐 .. 르2017,1,0
4에 비해 맵도 작고 전체적으로 간소해서 훨씬 쉽다. 원가에 사면 진심으로 흑우. 할인가에 사길 바람.,1,0
재밌긴한데 첫번재맵깨고 2번재껄로하면팅겨요 버그가여전하네요,1,0
나는 왜 왕찌찌 안돼 ㅅㅂㄴ아,1,0
으아아아아아아악,1,0
(1킬 = 1도전과제)+12단계 올클리어 도전과제 = 도전과제 100% 그냥 도전과제용 킬링타임 게임,1,0
한글화라매! 한글화라매! 아직 번역이 덜 된 부분이 상당수 입니다만;;; 네 단점은 그겁니다.,1,0
재미는 있는데 뭘하라는건지 모르겠고 최적화도 이상하다 ;,1,0
기억력게임,1,0
모드 유료화 전 : 지린다! 지려! 모드 유료화 후 : Fxxk up 앞으로 내가 사나봐라. 정품을 장려해도 모자랄판에 복돌이 독려나 해주는 정책을 펼치네.,1,0
30분 했는데 개노잼;;,1,0
심시티 2000보다는 좀 떨어짐,1,0
템 복사버그를 이용한 분해로 폭랩업이 가능함.. 아직은 노답인 게임이지만 정식 출시 되면 기대해볼만한 게임입니다.,1,0
배그가 짱잼이라는 걸 다시 한번 느낌 ㅜㅜ,1,0
세일로 싸게 샀지만 타격감o이라 추천 x,1,0
여러분 제가 생존 스텟을 올릴려고 하는데 영어가 넘 불친절하게 나와잇어서ㅠ 나무캐는거 말고 다른 생존스텟 올리는 방법 있을까요? ㅠㅠ 알려주세요 고수님들!,1,0
카스미 등장 안해서 볼 필요가 없는 떵작,1,0
80년대 초반 쯤인가 처음 3차원 랜더링 된 게임이 나왔을 때의 느낌.. .,1,0
배틀로얄 왜 건든건지 아직도 이해안가네 그냥 아레나 쭉 밀고 갔으면 떡상인데 붕신들 ㅋㅋㅋㅋㅋ,1,0
"GTA4 오리지널보다 짦은 스토리 , 더 많은 즐길거리 요소들이 기다리고 있습니다. 세이브파일이 제대로 작동되지 않는 오류는 아직도 고쳐지지 않고 있습니다.",1,0
한국어 패치가 나오면 e스포츠 좋아하는사람이 FM 즐기듯이 즐길수 있을것 같음,1,0
술에 쩔었어!,1,0
이게임의 타이틀명은 기억해달라는데 왜 그렇게 지은지 알만하다.,1,0
세일할때 2천원 주고 샀습니다. 음.... 세일할때 사는걸 추천드려요~,1,0
그래픽 화려하고 액션도 좋다. 조금 어렵고 단순하고 반복되는 액션이 불호!,1,0
"캐릭빨 겜 아크의 편애적인 밸런스, 이미 강한 캐를 상향시키는 미친 짓 까지",1,0
퍼즐겜 이라기보다 열쇠 찾기겜,1,0
와!메이플스토리2 하시는구나!,1,0
좀만 더 해볼래요,1,0
간헐적으로 팅기는데 어떻게 좀 해줘,1,0
장점 : 스팀 첫 건담. 게다가 한글화. 단점 : 그외 모든것. 튜토리얼 하다가 화딱지나서 웹툰보러 가게만든 게임은 네가 처음이야 록온이 병싄이라는 말은 들었지만 이정도일줄은..,1,0
추억팔이 진짜 테크니카 시절 재미있게하던 추억팔이... 곡 많이 없는거랑 DLC가 너무 비싼게 문제,1,0
개꿀잼,1,0
여러분 위닝은 꿈도 희망도 없습니다.,1,0
짧은 분량의 프리퀄 에피소드 2개 모음집. 본편을 안해본데다 영알못이라서 스킵스킵.. 오프닝 동영상에서 프리징됩니다. 재부팅하니까 되는데 껐다 켜면 또 프리징. 도전과제 중에 '10시간 플레이'가 있어서 10시간 켜놓고 있어야 되네요 :(,1,0
몇시간을 플레이했는데 왜 처음으로 돌아간거죠 ㅡㅡ 저번에도 4시간했는데 4시간전 상태로 돌아갔습니다... 왜그런거에요,1,0
pc방에서 이겜 하니까 알바가 ㅈㄴ 이상하게 쳐다봅니다 ㅈㄴ 좋은 경험 해준게임입니다. 빈스 맥맨 ㅅㅂ련아,1,0
"""너 이런거 하니..?"" ""으아악 아니야!""",1,0
이게 무슨 게임이야,1,0
공포없는 공포게임,1,0
짱깨 군사 시뮬레이터,1,0
추천은...없다 나가뒤지십쇼 형님,1,0
DMM을 다운받아 새로하는게 나을까요 아니면 그냥 스팀 버전을 계속 진행할까요?,1,0
한글화좀만들어줘요...,1,0
게임은 재미있습니다. 멀티에서 핵쟁이들이 넘친다는게 문제이죠.,1,0
제대로 약빤 GAME! 하지만 fps개 인 나로서는 옵치보다도 힘든게임.... 다굴을 견디기힘들어서 별로였습니다..,1,0
10만원주고 샀는데 무료로 받았다고 하고싶다,1,0
아...캐릭터는 다 좋은데.. 눈 정화란.. 근데 게임을 하고싶은데 도통 어캐 하는건지... 그냥 보는 용인가요? ㅋㅋ,1,0
돈먹고 날랐다고 밖에 생각할수가 없는 좋은 예 이다.,1,0
내 전력이 자꾸 한 쪽으로 치우친다는 점 과 에임이 환장 할 정도라는 거다. 루프 주기가 길지 않은데다가 패턴이 비슷하다. 그러나 그 와중에도 재밌는 요소들이 있다는게 장점인거 같다. 가볍게 즐긴다면 누구나 재밌게 할만한 듯.,1,0
한글안풀어주나요?,1,0
으어어 너는 짐을 내려놓지 못할것이다 네사람들은 어쩌고저쩌고 그녀를 거스를수업따 어쩌고저쩌고 어쩌고저쩌고,1,0
짧은 플레이타임 ..,1,0
"높은 용량, 적당한 재미, 낮은 편의성",1,0
난이도 병맛이네 뭔 한곳을 지날때마다 3배씩 늘어나 거기다 시야넓이가 아주 가관이더만. 난 정말 추천 X 3/10,1,0
사두고 못하는 중... 난이도가 너무 헬...ㅠ.ㅠ,1,0
연출 ★★★★☆ 9/10 스토리 ★★☆ 5/10 게임성 ★★★★☆ 9/10 그래픽 ★★☆ 5/10 음악 ★★★ 6/10 평점 ★★★ 6/10 [평작] 허술한 부분은 많지만 마지막 엔딩만큼은 최고라고 말하고 싶다,1,0
2/10 : 학교에서 쉬는시간에 다같이 몰려서 하면 재밌을법한 갓겜...이지만 나는 학교도 안다니고 딱 10분 하면 질림.,1,0
"게임? 괜찮음. 적당히 재밌다. 돈지랄 해야하나요? 시간지랄 해도 대충 커버됨. 모을것은 존나 많고, 해야할건 존나 썩어넘치고, 쳐날려야할건 산더미같다. 정신없이 달리다보면 꽤 재밌는 겜이긴 함. 유저풀이 개 이라 그렇지;",1,0
8가지 특수능력을 일찍 얻으면 더 재밌었을 듯. 스틸포트 맵 재탕은 너무 했다.,1,0
아..야1발..,1,0
자유도가 조금 떨어지는 rpg 마인크래프트 라고 생각하면 될듯 하다. 시간 때우기에는 나쁘지 않다.,1,0
"다른 게임도 다 그렇지만, 할인한다고 DLC 한번에 다 지르지 말고, 우선 본편을 해보고 자신과 맞는지부터 확인하자.",1,0
겨울왕국 트롤들이 내 공장에서 일하는 걸 볼 수 있어요. 귀엽길래 간만 본거라 진행 좀 하면 어떨지 모르겠지만 목표가 애매하고 액션이 단조로워서 힐링게임 같아요. 조금 더 병맛이길 바랐는데 착하고 귀여워서 미국 보냅니다.,1,0
주타이쿤 기대 ㄴㄴ 시간 너무 잡아먹음,1,0
밸브 컴팩 샀는지 안샀는지 알수있는 게임,1,0
갓겜 롤토체스 하러간다 이 씨불 븅신같은 에뮬레이터,1,0
진짜 재밌긴 재밌어요 타격감도좋고 근데 이게 단점이 더많은거같네요 멀티플레이하려면 오래기다려야하고 처음하려면 컨트롤도 어렵고 기술들도외워야하고(격투게임들이 원래그렇지만) 그리고 너무 심하게 비싼게 문제네요 그냥 킬링타임용?,1,0
슈퍼고오급레스토랑,1,0
사지마세요 이거 잠깐 하고 환불하려다가 몇십시간해버렸어요 여친이 좋아하는게임이에요,1,0
이 게임을 하기 위해 필요한 것 : 친구,1,0
퍼즐 퀄리티에 지리고 필피쉬 인성에 재낌,1,0
투박한 그래픽의 슈팅 게임 마우스로 일일이 조준하는 플레이어 vs 프로그래밍으로 자동 조준하는 A.I 승자는?,1,0
ASMR임 재밌는데 지루함 진짜할거없는데 지갑사정 괜찮으시면 사세요..,1,0
"전투가 너무 단순하고 액션이라기보다는 길 찾아 돈찾아 다니는 퍼즐 게임. 몹이 잔뜩 몰려와서, 보스몹이랑 붙어서 죽으면 이해하는데 길가다 날아온 돌덩이에 맞아서 즉사하면 화가난다. 1시간 플레이동안 2번 CTD",1,0
눈물 없이는 절대 플레이할 수 없는 게임.,1,0
중후반까지는 좋았다만 용두사미 엔딩..........메펙3 수정되기 전 신호등 엔딩 느낌 물씬,1,0
"장점 1.그래픽 적당 2.뭔가 신기함 3.단순 킬,뎃 이 아니라 임무 위주라 맘에듬 단점 1.실행관련 오류가 있음 2.실행관련 오류가 있음 3.실행관련 오류가 있음",1,0
"15부터 시리즈 부터 해왔지만 달라지는 것은 그래픽, 사양...추가 되는 것? 10가지도 안돼는 기술들...그래도 wwe팬심으로 하는 나..",1,0
확실한건 취향을 으마으마 하게 탄다는것,1,0
정신없이 그냥 허탈하게 웃고 싶으면 하기 좋은 게임입니다. 사실 이걸 게임이라고 불러주기엔 실행하자마자 보이는 창 보면서 깨달은게 더 빠르지만,1,0
"즐거운 28시간이 아니라, 빡치는 28시간이었습니다.",1,0
험블 먼슬리에서 받아서 플레이 해본 게임... 감상 : .... 으아ㅏㅏㅏㅏㅏㅏㅏㅏ 빡친다ㅏㅏㅏㅏㅏㅏㅏㅏㅏㅏㅏㅏㅏㅏㅏ,1,0
아이구야 겜 참잘만들었습니다. 전에 하던 방식이랑 많이 달라서 머가먼지 하나도 모르겠네요~~ 오랜만에 겜깔고 접속했더니 머가먼지 허허허 욕은 못하겠고 욕보세요 ~~ 화이팅 입니다~~ 수고하십시오~~,1,0
ㅇ이런 눈아퍼,1,0
삑뚜같은 조작감으로 요리하는게임,1,0
동해 대신에 왜국해를 드립니다. -스퀘어 에닉스-,1,0
적귀 시발롬,1,0
내스타일 아니야 ㅡㅡ  그냥 그저 그랬다... 할만은 했다.,1,0
추리 난이도가 좀 어렵구요 역전재판 같은 추리물을 기대했는데 기대와 좀 다르네요,1,0
뭔지 모르겠다. 심오해.,1,0
좀 지루함 끝그냥 지루함 나름의 컨텐츠라고 있는 캠프 시스템은 약간 지루하게 만드는 요소중 하나 타격감도 좀 아쉽고 전작보다 나아졌을 거라 믿었지만 세세한 부분들은 별로 바뀐거 없음 노가다 좋아하면 할만함,1,0
사공이 많으면 배가 산으로 간다. 엔딩이 많으면 이야기가 산으로 간다. 헐리우드 식 스토리가 아름다워 보인다면 추천!,1,0
필드화 / 고인물화 / 낯선 그래픽 / 캐시와 포인트 아이템의 스펙격차,1,0
존나 어렵네 C8,1,0
아기자기한 모습으로 보이지만 미친 난이도로 동심파괴,1,0
재미있음 같이 할 사람이 있다면,1,0
오리온 개사깁니다. 진짜 한판에 오리온은 꼭있어요. 또 그 보드칸지 보드반지 뭔가하는 망치영감도 개사기 Orion is very op,1,0
크덤크덤크덤~,1,0
배그 훈련장 나올거라서 살필요없음,1,0
친구랑 하면 돈독해질 수 잇음,1,0
로직 아닌 폭탄 찾기라 운 필요함,1,0
게임 시스템은 매우 참신하고 매력적이지만 서버렉이 아주 심각합니다 이것이 해결되기 전까지는 절대 갓겜이라는 소리를 못 들을겁니다,1,0
1. 내컴퓨터가 높음 or 울트라 설정 정도 했을때 부담없이 돌아간다 2. 멀티를 같이할 친구가 있다 3. 시간이 많이있다 4. 성격이 급하지않다 그럼 하세요 :;,1,0
ㅋ 에임은 재능이야.,1,0
같이하자고 해서 선물받았는데 무진장 얻어터졋음,1,0
대체 언제까지 얼리엑세스임?? 내가 러스트보고 얼리 먹튀 ㅈ망겜이라고 욕했는데 얘를 보고 생각이 바뀌었다.,1,0
자동차 없으면... 거의 만리장성....,1,0
x-plane 11 하삼,1,0
"다른것보다 정신이 너무 없습니다. 제가 원래 멀미를 좀 잘 타기는 하는데, 이건 단순한 평면게임인데도 어지럽고 정신이 없습니다. 하지만, 게임 자체는 나름 킬링타임이 됩니다. Hardest 난이도 정도 되면 꽤 재미있게 할 수 있습니다.",1,0
w를 누르면 앞으로 이동할 수 있습니다.,1,0
좆찐다겜,1,0
이거 계정이만들엇는데 클라이언트가 없다고 안되는데 어떻게 하나요?,1,0
더럽게 안죽네,1,0
다른건 다 좋은데 너무 짧아,1,0
뭐야 내 활..용의 숨결 돌려줘요 실수로 다른 활로 만들어버렸어,1,0
네간 씹새끼,1,0
2편 복붙. 그래도 2편이 갓겜이어서 평작이상은 되는 게임. 2편 사서 그거 하세요.,1,0
모바일게임중에 이런거 많음,1,0
아무리 에이스 컴뱃이 슈팅게임이라지만 헬기로 공대공 임무를 하라는건 무슨생각일까,1,0
그래픽 옵션만 있었어도..... 이렇게 까이진 않을텐데,1,0
정말 갓겜이지만 이시국과 개같은 중국어만 쓴다는 단점이 있슴,1,0
메인 로비 화면에서 3D 그래픽은 좀 구데기더라 도트는 그래도 다른 게임 참전시킬때 새로찍은 줄 알았는데 그 유니스트 뭐시기??는 그냥 그대로 가져왔더만 같이하던 친구는 본게임 들어가니 프레임드랍 오져서 포기하고 음 뭔가 좀 그래 게임이,1,0
ㅡ무료게임중에선 제일 괜찮았던것 같아요 문제는 카드를 모으는게 너무 힘드네요. 자기만의 덱을 구성해서 싸우는건데 카드를 뽑는것도 너무 힘들고 돈벌기 힘듬;; 걍 암,1,0
손 좀 그만 떨어,1,0
느금 존나 어렵다 무서운 것도 존나게 무섭긴한데 난이도가 더 무섭다 2탄은 코파면서 깼는데 이건 그런거 없다 존나 어렵다 암이랑 심장병 동시체험 씹가능 겜,1,0
"세상에나, 이 버전을 미리 싸게 사둔 사람들이 승자... 이름만 리마스터인 새 버전은 당연히 갓겜 됐겠죠?",1,0
배틀그라운드 저격 연습용으로 살꺼면 때려 치우세요 이건 탄낙차가 없는게임이라 한 10~20m 적 맞추는거 연습하신다면 추천드림.,1,0
구매했는데 혹시 스토리모드에선 주홍염 전사를 볼 수 없나요..?,1,0
고인물 친구랑 같이 하다 나 쏴죽이고 지들끼리 오토바이 타고 가서 끈 게임,1,0
밧줄에 하루종일 끌려다니는 게임,1,0
야 눈떠! 눈뜨라고!,1,0
다른건 다 좋은데 저장이 안된다는 것이 좀 아쉽습니다.,1,0
"일단 이어하기 시스템이 없음, 즉 한번 끄면 다시 시작해야 함. 한번만 하면 재미있는데 두번이나 반복하는건 정말 지겹다. 다른건 다 괜찮다.",1,0
32000원 주고 사고 하는건 별로네요 저는 체험 을 했내요 사지 마세요 세일 해도 공짜게임 같네요,1,0
친구랑 하자,1,0
"처음사고 시간 가는 줄 모르게 놀이공원을 완성시키고, 그 후로는 단 한번도 키지 않음",1,0
팩션! 단하나! 2만원!,1,0
애매한데,1,0
나는 빵이다 무슨말이 더 필요한가?,1,0
찐따겜,1,0
"친구에게 선물줄려고 엄청 준비했는데 다 쓸때는 분명 있다, 그런데 필요없는 것 같은 게임",1,0
보라색 전기 맛 짜릿짜릿 아아아아앙!!!!!!!!!!!!!,1,0
"friends match 방이 안만들어짐... quick match는 다른 사람들이 들어오면 조인이 어려움..,,. 버그인지.... 이것만 해결되면 좋을 것 같네요",1,0
"위대한 게임이다. 중꿔의 자랑, 삼합회가 나온다. 다른 요소는 볼 필요 읎다.",1,0
정말 재밌지만 추천 할 수 없는 게임 문제가 정말 많지만 제발 다인전 개인화면 좀 크게 바꿔주세요 이게 얼마나 어렵다고 패치를 안하는지 모르겠네,1,0
이젠 호흡기 단 게임도 아니네. 하하. 모드만이 희망이다.....,1,0
야메로! 이런 건 모 야메룽다!,1,0
일단 재미야 뭐 보장되어있으니 더 할말 없음. 문제는... 난 멀티가 하고 싶었다고... 이 캡콤 개객끼들아... ㅠㅠ,1,0
가족들을 어떻게 효율적으로 굶기느냐가 제일 중요한 게임 솔직히 한두번 깨면 질림,1,0
내가 산이 된다,1,0
1보다 더 빡치는 공포게임 깜놀이야 처음에만 놀라지 나중가면 아 이걸 이렇게 걸리네 하면서 화가나는 게임 할거면 1만하자,1,0
게임의 비용에 비해 볼륨이 너무 작고 오픈월드인데 너무 휑함 하지만 전투는 재미남,1,0
에케 반동 연습 오지개 해도 힘들어,1,0
뭔가 잘 만들었는데 제자리를 도는느낌 잔버그도 꽤 있고 노가다 라는 느낌도 많이 들지만 제일 아쉬운건 옆동네 KOG 게임에 비해 던전수도 대략 10개로 한정돼있고 마을도 실질적으로 이용할 수 있는 Facility는 도서관/맵/연습장 이 세가지 밖에없음,1,0
역대급 껨 ;,1,0
전작에 애들이 다 한방이길래 ㅋㅋ 하고 했는데 한방이 아닌놈들이 나올줄은 몰랐지. 근데 난 여전히 한방이더라 시발것.,1,0
전쟁게임인데 전쟁못하게하는 갓 패치...비폭력주의 ㅇㅈ합니다,1,0
사실상 소닉,1,0
와! 정말 햄보캐!,1,0
이건 게임이라고 부르기도 뭐한 작품이군요;,1,0
검팬티가 젤쎈듯,1,0
PC로 스마트폰 어플 게임 하는느낌... 가볍게 하는 게임이라는 부분에서는 이견이 없지만 뭔가 너무 가볍다고 할까... '좀비를 죽인다'는 부분만 생각하면 됨 스토리 뭐 이런거 없음,1,0
개적화의 진수를보여준다,1,0
이게뭡니까???????????????????????????????,1,0
돌덩이 때문에 친구를 몇번이나 죽였을까..,1,0
돌 줍는 게임,1,0
일러스트는 제대로 나오지 않고 짤려서 얼굴만 보이는 목소리 ' 만 ' 좋은 게임 솔직히 일러만 안짤렸더라면 좋아요 눌러줬을텐데,1,0
내가 이거 왜 샀더라,1,0
"엔딩을 끝까지 볼 자신이 없었다. 포기하고 싶었고, 도망치고 싶었다. 하지만 인고의 시간을 견디며 결국 난 해냈다. 이 게임의 엔딩을 본 내가 진정한 레전드라는 생각이 든다. 나란 사람은 충분히 존경받을만 하다. 내가 최고다.",1,0
솔직히 추억때문에 추천하고 싶은데 KT 1GBPS급 써도 핑이 160따리임 핑차이 덕분에 에임핵도 아니고 보이자 마자 녹아내림 ㅋㅋㅋ 물론 내 공격? 잘 안맞지,1,0
"며칠전,솔져의 성우 릭 메이가 코로나바이러스로 항년 79세의 나이로 세상을 떠나셨습니다,그동안 솔져의 목소리를 들려주셔서 감사하고 명복을 빕니다...",1,0
강한 멘탈과 팔근육을 필요로하는겜;;,1,0
컨트롤 힘든거는 둘째치고 AI가 ㅄ임.,1,0
한조 대기중,1,0
같이 하실분...구함 무서....ㅇ,1,0
홀리 몰리 유리 혼자 불량 다 태워먹네,1,0
마녀사냥 오지게 하는 게임. 고인물들 끼리 해서 청정수가 낄 수 없는 게임.,1,0
"스테이지가 너무 적고, 보스를 깼을때마다 나오는 한결같은 날카로운 비명소리는 좀 짜증이. ㅜㅜ 나머지 게임성은 뭐 나쁘지 않은듯이요..",1,0
조금더 유명 해졌으면 하는게임...,1,0
날 화나게 하는 게임,1,0
"이건... 잘죽고, 어려운거 좋아하는 게이머는 할만함. 유다희랑 친한 친구분들 해도 좋음. 스피디한 액션은 아니므로, 트레일러만 보고 판단하면 안됨.",1,0
18시간을 친선전으로 내내 했는데 고인물들 운빨이 너무 쎄서 아직도 1레벨이에요! 정말 어떻게든 이기고 싶은 마음을 가지게 해주는 게임이예요!,1,0
무보수로 착취한거 잘 알앗습니다,1,0
이스턴 프론트 모의전 하고 나서 종료하면 뭐 작둥이 중지되었습나다라고 뜨던데 뭐죠 그리고 중간 중간에 화면이 끊기네요,1,0
버전이최신이 아니에요 버전좀 업데이트 부탁드립니다,1,0
친구 들과 신나게 싸워 보세요!,1,0
샀으니까 하는게임같음....,1,0
이 게임의 장점: 공룡이 나온다. 이 게임의 단점: 다른공룡이 안나온다.,1,0
제작자가 세상의 모든 야짤을 모으기 위해 만든 게임 같아요.,1,0
버그때문에 의문사해서 멘탈깨짐 그것도 한두번아님,1,0
게임이라기보단 다큐,1,0
아 이게 뭐야... 넘 하자나...,1,0
포스트 아포칼립스 시대에 고철왕 김맥스씨가 전국구 도장깨기를 하며 8기통 고오급 리어카를 만드는 게임.,1,0
요약 :플심계의 이야,1,0
"나 배고파,",1,0
스꼴라,1,0
이게임 DLC란 DLC는 다 사고나서야 이게임이 애-자라는걸 알아챘습니다. 하 이걸 안했으면 콯을 180시간 더 했겠네,1,0
재미는 있는데 사람이 없어서 매칭이 잘 안되고 매칭 힘들게 되어도 핑이 높아 렉 걸릴 때가 많아서 접었어요,1,0
이 게임은 매우 중독성이 높습니다. 따라서 자기 시간을 소중히 여기는 사람이라면할인이라든지 어떤 계기를 통해 이 게임을 구매하는것을 적극 만류하는 바입니다.,1,0
아시발 존나 어려워,1,0
지금 사면 사람이없다.,1,0
왜 나한텐 안파냐 삐짐,1,0
나쁘지 않습니다. 지나치게 비싼거 빼면. 올클에 3시간 걸림.,1,0
엄청나게 재미있지는 않다. 할만은하다.,1,0
제트창 연타 씹창남,1,0
인생 냠냠 게임,1,0
온라인 게임 포커 이기기가 훨신 쉬움,1,0
"2013 이후로, 간만에 나쁘지 않은 위닝이 나온 것 같아 즐거웠다. 피파를 하기 전까진...",1,0
"도전과제의 허망함과 황당함을 느끼기에는 참 좋은 물건입니다. 그런데 이건 애초에 게임도 아니고, 이런 도전과제는 참 알 수가 없단 말이지요. 2가 나온다는데 2에는 한 10년 도전과제 나오는게 아닌지 참 걱정이 됩니다.",1,0
확실히 전작에서 많이 바뀌려고 노력한 흔적이 보인다. 이제 배필하러 가야징,1,0
논스팀개객기,1,0
고냥 디비전 3,1,0
이게임의 제일싫은점 : 중고방 잡히는거,1,0
2대2 게임 팀킬 안되게 하셈 당장 하셈,1,0
플스 사는거보단 싸서 그냥 7만5천주고 삿는데 재미있게는함 게임할때 스토리와 OST를 최고가치로 평가하는 편인데 이둘을 만족시켜주니 제게는 최고의 게임이였음. PC유저 엿먹이는것 빼곤 PC유저 엿먹이는것 빼곤 중요해서 두번씀,1,0
스킬 시스템 1개적용 말구 2개 적용 해주지..,1,0
겜임. 아무리 키우고 강해지면 뭐하나... 보스는 쉽게 잡지만 트랩걸리면 순삭당하는 것을,1,0
사람이 없어서 못함,1,0
모드하우 >>> 포아너 피X님 준X님 감사합니다,1,0
크래프트 더 월드 드워프보다 더 멍청한 우리편 AI.... 어딘가에서 싸게 또는 공짜로 얻었기에 한시간정도 플레이 해봄 별 한개 반 그냥 할거 없을때 잠깐 '경험'만 해보는게 좋은듯,1,0
새치혀를 가진 아이가 팔랑귀이자 개복치인... 소꿉친구 따돌리는 게임.,1,0
초장에 캐릭터 육성방법을 모르겠다면 일단 스킬부터 열심히 써서 렙업시키자. 렙업 제대로 안시켰다가 최후반 보스한테 통수맞는다.. 그리고 알리샤 귀여워..,1,0
서버 펑펑!,1,0
좀 재미없는듯 ㅇㅇ;,1,0
제발 한글화 좀여,1,0
"다키스톤 Steam 에서 좋은평가 얻었어요, Because 원조 할머니 국밥집이라 좋은평가 얻다. 지금 구매 고려하다? Why? 옆집가서 드십시오.",1,0
윾 어렵다 컨트롤이 좋으신분들에게 추천합니다 도전정신이 불타오르거든요,1,0
본인의 근성이 얼마나 바닥인지 처절히 느낄 수 있는 게임 6시간하고 태초마을행함 멘탈터져서 gg칩니다,1,0
어머니가 괜히 짜장면이 싫다고 하시는게 아닌데,1,0
한글이 아니면 어쩔수 없지,1,0
뭐하는게임이야 이거,1,0
한번 지켜보겠습니다.,1,0
친구가 없습니다.,1,0
계속 게임이 되다 갑자기 crash가 접속 할때 마다 뜸 제대로 게임이 되면 재미있는게임,1,0
그래서 엔딩 어디갔어 으갸갸갸갸갹갸갸갸갸갸갸갸갸갸ㅑ갹갸,1,0
게임은 분명 재밌지만 셀을 올릴수록 난이도가 미쳐 돌아가서 나도 하다 빡치는데 남한테 어떻게 추천해,1,0
흠... DC를 좋아하는 분들은 할만 합니다. 저도 DC 를 나름 좋아하는 편입니다만은... 격겜을 못해서 그런가 쉬움으로 해놓고 하는데도 힘들더군요. 격겜을 좋아하시는분들이라면 좋아하실것 같기도...,1,0
질병주식회사 그런거인줄 알고 샀는데 잘못샀다.,1,0
친구가하자고해서세일할때사서같이했는데딱3시간까진재밌었음,1,0
이미 우주로 날아갈 게임입니다.,1,0
단 한마디로 이 게임을 정의할수 있죠 겜,1,0
"정말 맛있는 파르페를 만들고, 마지막 데코레이션으로 더러운 여자 팬티를 얹은 게임. マジ旨いパフェを作って、最後の仕上げに汚い女の子のパンツを乗ったゲーム。",1,0
망겜 님들 하면 후회할듯 ㄹㅇ저 믿으세요 진심이에요,1,0
여태까지하면서 만난사람이 10명도안됩니다.,1,0
매우 많은 DLC,1,0
지금 당장 구매 : X 향후 패치 후 구매 : O,1,0
친목방을 피하고 겜하자,1,0
재미는 있는데 멀티 한번을 못하네요. 내가 문제가 있는건지 게임이 문제가 있는건지....,1,0
죽어라 게이브 뉴웰 그리고 베데스다.,1,0
"스토리는 괜찮지만 컨트롤이 어후,,,",1,0
찾는 겜,1,0
디코화면공유해서깸,1,0
도트는 좋았다.,1,0
저는 정가로산 흑우입니다!!,1,0
"이걸 사고나니, 스페셜 에디션이 나왔다. 캡콤은 역시 항상 사람을 엿먹인다.",1,0
살까말까 망설이고 계시다면 사지마세요. 80퍼 이상 세일을 한다면 고민을 세 번 정도 하고 사세요. 팬심으로 하는 게임입니다.,1,0
"서부 총잡이의 액션을 기대했지만.... 액션이 아닌 전략 시뮬레이션 입니다. 캐릭터들을 움직이고 명령을 내리며, 특이하다면 캐릭터의 행동을 순서로 지정할 수 있죠. 이를 한편의 영상처럼 감상할 수 있습니다.",1,0
읽기 싫어하는분 하지마세요 특히 영어 울렁증 있으신 분들,1,0
체험판 가격 65000원 완성판 가격 136000원 가성비 너무 알차고,1,0
block you 인싸들에 채팅 Chatting to Insiders Unity F.K.U,1,0
혼자 초월 더빙하면서 하면 할만합니다,1,0
이건 그냥 액션게임 이잖아요 ... 공포 .. 아니잖아요 ...,1,0
펭귄이 없음,1,0
ㅋㅋ 친구끼리 멀티안댐 수고바위,1,0
바능속도가느려요,1,0
"오직 컨트롤러만 지원합니다. 키보드랑 마우스 지원X 공을 팅겨내면서 방해물을 제거하고, 방해물 뒤편에 있는 타일과 충돌시키면 점수를 얻는 게임 아쉬운 점 -키보드+마우스 지원 X(PC게임인데...?) -혼자서 못함",1,0
정신나간 빨갱이가 뭔가 착한거같긴 한데 왜 그런지는 모르는 백발을 죽이려고 눈 뒤집어져서 달려드는 걸 보니까 열혈과 광기는 한끗차이라는 걸 알겠드라구요.,1,0
1달만에 강력한 세일이군,1,0
존나 어려움....,1,0
어느날 보니 키가 바뀌어 있었습니다.,1,0
아오 팀킬은 못하게 하던가... 적보다 아군한테 더 많이 죽는다...,1,0
밸런스 ㅇㄷ?,1,0
같이하는 사람에게 굉장히 미안해지는 게임,1,0
단점은 다 모아놓은 불쾌한 FPS 게임.,1,0
이상하게 게임 메뉴가 헤드셋이 아닌 모니터에 뜨는 현상이 있네요. 그래서 환불했었는데 또 세일하니까 한번 더 시도하고 싶네요.,1,0
주말 무료로 해봤는데...... 이건 고스트 시리즈를 때려칠만큼 콜옵 사상 최대의 인듯.,1,0
난 아무잘못없어 이놈이 갑자기 나한테와서 내 빠루를 머리로 쳤다니까.,1,0
위스키 쳐먹으면서 개발한게 틀림없다. 아무리 얼리억세스라지만 일 안한 티가 좀 많이 난다. 5만원이나 쳐먹는게 말이 안된다. 그래도 당신이 흑우라면 할만하다. 재미는 있거든.,1,0
멀티에 사람들이 안보여서 . 전세계에 한명도 안하는 줄 알았는데 . 아시아는 아시아만 검색해줌 .. 게임은 재미있는데 . 같이하기가 힘듬 .,1,0
오픈베타 때보다 더 살기 각박해졌다. 이게임은 혼자서 자수성가할수있는 게임이아니다. 난이게임에서 다단계를 느낀다. 숙련도는 눈꼽만큼오른다. 5시간동안 게임을해도 밴딧짓 10분하는것이 얻는것이 더많다. 이곳은 생지옥이다 약탈과 살인이 난무한다,1,0
SO LOL ING 탄DO 학,1,0
여고생이 타락해가는 과정 보다 이 게임을 하며 모니터의 비친 자신의 모습을 보며 더욱 자괴감이 들것입니다.,1,0
드론 시뮬레이션,1,0
배그 사셈.,1,0
코나미 ㅗㅗ,1,0
개노잼 ㄹㅇ,1,0
"중간에 공포 게임 됨 조심하삼,,,",1,0
리토 모토 좆토 말안듣는 덴마크 젖탱이 우유새끼들,1,0
지인한테 선물 받아서 정말 재미있게 플레이 했어요 ^^ 만약 이 글을 보신 다음날 지인분이 이 게임을 선물해주셨다면 그 지인에게 왜 그런 짓을 했냐고 밧줄로 두손을 묶고 심문을 해보시는게 좋을거같아요,1,0
구축함 최고존엄 ^오^ b,1,0
2가 나왔는데도 세일한다고 산 나는;;;,1,0
버그때문에 10시간 한거 빡쳐서 지운다.,1,0
아 이건 뭐라고..설명해야하나....,1,0
균형을 맞추는자,1,0
게임은 졸라 재밌음 빠르고 타격감 좋고 근데 사람도 없는데 지역락은 왜해논겨,1,0
영알못이라서 게임이어려워요 한글패치좀요 ㅎ,1,0
저만 그런건지 잘 모르겠는대 제가 전략게임을 참 좋아하는편이에요 근대 문명은 개인적으로 호불호가 확실히 갈릴것같네요...,1,0
재미는있네요 하다보면 어려워서 환불합니다,1,0
마지막 오케스트라가 제일 재밌엇다 ㅋ,1,0
다좋은데 모드유로화 ㅡㅡ,1,0
길치,1,0
재밌음 할만함 키보드로 하는사람은 설정에서 자기가 편한 키설정으로 바꾼다음 하는거 추천 패드 있는 사람은 그냥 패드하는거 추천 아니 내가 7시간 동안 키운거 다어디감 ㅡㅡ? 개빡치네 내가 저장한거 어딨갔냐 사람짐 ㅡㅡ,1,0
패트와 매트의 캐릭터를 팔아먹는 게임,1,0
머리쓰기보다는 시간만 투자하면 풀 수 있는겜,1,0
자해를 하며 퍼즐을 푸는 건 꽤 신선했지만 *같은 조작감 때문에 똑같은 거 여러 번 하면 짜증이 좀 남 나름 재미있으니까 조작 *같은 거 상관 없으면 해볼만 함,1,0
시벌리? 리!,1,0
나뒤쇼,1,0
한글화가 제대로 안됨. 부분부분 같은 대상에 대한 번역이 달라 햇갈리는 부분도 많고 몇몇 퀘스트는 번역이 아예 안되었음... 그래픽은 나름 괜찮은데 중국게임이라 그런지 모션이나 연출이 약간 조잡해요 그래도 나름 즐길거리는 많아서 할만함,1,0
아름다운 한편의 동화같은 스토리? 조까 한글이 아닌데,1,0
스나 고인물들이 난무하는 시대 그것은 콜 오브 튜티,1,0
운빨 기억력겜,1,0
저는 이 게임이 기억나지 않습니다...,1,0
9.99달러에 팬티보는게임; 걍 메타스코어 54점 믿으면 됨 한 14점은 팬티값인듯,1,0
2200원짜리 신종 고문도구,1,0
언락 주기 싫으면 싫다고 말해 미친,1,0
마! 이거 플레이 할 돈으로 스타2 협동전 사령관 두둑하게 사서 친구랑 같이 노가리까면서 즐겁게 하겠다야,1,0
본인들의 작품을 직접 손으로 짓뭉갠 게임,1,0
이 게임은 무려 9개의 언어를 지원합니다. 아! 물론 한국어는 없어요 ^^,1,0
오픈월드인데 다양한 컨텐츠가 없어서 아쉽다 그리고 엔딩 클리어하면 세이브 포인트가 중간 스토리로 돌아가는 부분도 이상하고 루피만 플레이 하는것도 아쉬운데 다른 캐릭터들 전투씬도 그리 많지 않아 아쉽,1,0
도전과제 달성에 2시간밖에안드는 가볍게 즐기는게임 다만 게임성은 별로라 스팀에 올라온 야겜이라는 의의밖에 없는게임,1,0
어휴... 루비...... 어휴..... 루비.......... 그 좋은 3d애니를 어휴............. 긴말 안합니다 케릭터 가 맘에 들면 사세요. 그거 아님 모르겠네요,1,0
혹여나 동영상을 보고 구매에 혹하셨다면 사지마세요 님은 그렇게 못 만들 수도 있습니다. 난 그렇게 됬습니다.,1,0
게임 자체는 재미있고 싱글은 별 문제 없는데 온라인에서 게임할때 완성된 음식을 접시에 올리지 못하는 버그가 자주 걸리는 편. 협동게임이면서 멀티 잡기도 쉬운편이 아닌데 그렇게 방이 깨지면 굳이 이걸 왜 샀나 싶음.,1,0
재미는 있지만 내가 박치인줄 이제야 알았다. 뒤로 갈수록 더 어려워지던데 참 걱정이 되었다. 그래도 노래는 좋다. 다 못 들어서 안타까울 뿐.,1,0
"공짜라서 해봤던 게임, 심심풀이 땅콩.",1,0
좋았던 점 : 한국어 지원 싫었던 점 : 한국인,1,0
전설의 게임 히마메....... 5이후로는 나오지말고 전설로 남았어야했다 ㅠㅠ,1,0
정말 재밌어요 제작자님!!!! 그런데 한국어만 추가해주시면 추천해드릴것 같아요!!!! 와! 샌즈!,1,0
아 ㅋㅋ 개같네 가방 열면 게임이 꺼지는 오류가 있습니다. 그런데 게임은 재밌어서 더 열받음 ㅋㅋㅋ,1,0
게임조무사,1,0
응 쿠키야. 오토 클릭 쓰는거 알지?근데 브금 좀 꺼줘라 트라우마 생길꺼 같아,1,0
자이언트 해골이랑 맞다이 까는 기분임 뒤지고 나면 수류탄으로 동귀어진하는 새끼들 넘 많다,1,0
중간부터 너무 어려워져요. 이지 원해요,1,0
V리그 팀도 만들어줘라,1,0
명작취급 받을 만한게임 아닌데 씹덕들한테 엄청 띄워진게임 수작게임임.,1,0
오크 관리하는 시스템이 너무 지나칠정도로 분량이 많음 2개 지역 이상 점령하는거 직접 했으면 오크성애자임,1,0
포커하고 싶은데 친구가 없다면 추천한다.,1,0
꼭 그래야만 속이 후련했냐,1,0
내가 지금보니깐 이 게임 1시간도 안되서 끈거같네요 고로 이 게임은 씹노잼으로 판명됬으므로 엄지를 내리도록 하겠습니다 와 1시간도 안되네ㅋ,1,0
학창시절에 개찐따였던 내 마음을 후벼파는 씹인싸들 연애이야기. 제작사는 플레이하는 개찐따를 배려하지 않고 기어이 존잘남 주인공을 내세우고 말았다.,1,0
좆다,1,0
"매니아가 아닌 이상에야 이전 시리즈들과의 큰 차이를 발견하기는 어려운, 전형적인 시리즈물 느낌에 특히 아쉬웠던 점이라면 기존 시리즈를 하지 않은 게이머들에게는 세계관 자체가 생소하다보니 스토리에 몰입하기 힘든데다가 볼륨까지 커서 다소 벅차다는 점.",1,0
비싸게 샀는데 5000원에 팔고 앉아있네 시불,1,0
셜록 홈즈가 되어 추리를 한다는 느낌보다는 그냥 미니게임천국이였다.. 할인할때 사면 그나마 괜찮은 게임. 제값주고 사면....,1,0
모성애를 느낄수있는 갓--겜,1,0
재미있지만 분량이 짧다. 할인 할때 사세요.,1,0
쇼군 토탈워2의 참고자료 정도로 그리고 크루세이더킹즈2의 일본 리스킨 버전정도로 보시면 좋을듯.,1,0
액션으로 방향을 튼 것에 악감정을 가지지는 않겠다... 그런데 너희는 이걸 액션이라고 부르니?,1,0
요새 범람하고 있는 슬라이드 퍼즐. 스테이지식이 아니라서 자꾸 깼던 그림들이 다시 나와 리셋하기 귀찮습니다. 30분 정도면 도전과제 올클이지만 이 가격은 좀 아니네요...,1,0
30분에 도전과제 끝! 나머지 시간은 트레이딩카드용,1,0
호치민 아,1,0
핫도그 하나를 위해 목숨걸고 달리는 남자의 게임 보트 근처로 가면 맵 아래로 떨어지고 게임 자체가 미완성 수준인데 소닉 06 보다는 잘만듬,1,0
"아니, 나만 당할 수 없다는 건가? 최근 평가 ""매우 긍정적""ㅋㅋㅋ",1,0
세일할떄 사야지 ㅎㅎ,1,0
게임 자체는 제밌는데 카드마다 중복된 모델링을 사용하고 있어 카드 수집하는 제미가 반감됩니다/,1,0
에픽 독점으로 많이파세요 부자되세요,1,0
c처음 마을 밖을 못 나가네요,1,0
2월 7일 기준 헤일로 좋아하시는 분은 지금 안사셔도 됩니다 콜렉션 에 리치 하나 있습니다,1,0
문명 하지마세요. 인생은 소중하니까요,1,0
존1나 재미엄써요,1,0
뭘 위한 게임인지는 모르겠지만... 다른 건 몰라도 진동 타격감 이런건 참 좋다고 생각한다... 하지만 기본적으로 어느정도 그래픽이 받쳐줘야 하는거 아닌가 하는게 내 생각이다...,1,0
이거 갈비지 겜이야,1,0
10시간동안 존나 행복하고 싶으면 이게임을 사는걸 추천드립니다. 적어도 10시간만큼은 존나 재밌게 즐길 수 있어요. 근데 그 다음부터 뭘해야 할지 모르겠어요. 동물 추가하면 다시 시작함,1,0
윙맨 없으면 무조건 다굴빵맞고 게임오버되는게 아쉽다 운나쁘면 1:3까지 감수해야 되고 어떤 레벨의 적이 증원올지는 아무도 모른다,1,0
한글로 다시 발매좀해줘...옜날에 시디가 다있었는데...,1,0
아니 게임이 팅겻는데 파편은 아까섯는데 그대로 똑갓고 UFO는키는 사라지고 이게뭐에여 진짜 .. 또이러면 진짜 신고 합니다..,1,0
솔직히 고환 맞추는거 외에 다른 컨텐츠가 있는가?,1,0
옛날엔 재미있었는데 요즘은 내 컴퓨터에 이게 왜 깔려있나 생각 하게 되는 게임,1,0
최고의 게임입니다,1,0
명작인데 역시 고전작은 나한텐 아닌거같아.,1,0
이런게 재밌다고?,1,0
"프레디의 피자가게의 실존여부에 관심을 가지게 해주는 게임이긴 하지만, 게임의 난이도가 조금 어렵네요. 물론 전 깻지만요",1,0
아주 쉬운 퍼즐로 이루어진 야짤감상게임입니다. 물론 야짤은 양키센스라 저는 별로 안꼴렸습니다.,1,0
이렇게 만들면 나도 게임 만든다.,1,0
스토리 한번쯤 깨볼만한 게임.,1,0
갓겜ㅋㅋ,1,0
본인의 성격을 고찰할 수 있는 게임. 내가 이렇게 졸렬하고 급한 사람인줄은 처음 알았다.,1,0
약은 거하게빨았고 나름재미는 있다 시스템은 본편에서 전투를 제외하고 싹다 쳐내버린느낌 허나 개인적으로는 본편이 더 나았음 그리고 한글패치 번역을 벌레가 했나보다 초반부 번역해놓은거에 벌레 단어 한개가 보임,1,0
이게임 살아있나요? ㄷㄷ,1,0
갱비스트. 핸드시뮬레이터 그다음은 무엇일까,1,0
게임내내 기관권총만 사서 갈기는 친구들은 본인들 부모님도 그걸로 갈아버렸어?,1,0
이 게임을 하고 나서 제 프로필 사진이 잘생겨져보이네요... 이 게임 잘했습니다. 잘 샀고 550원 주기에는 할 만 했습니다. 5500원으로 사는 흑우 없제?,1,0
다음 시리즈부터는 할인할때 사야겠네요,1,0
개어려워요,1,0
유저는 소스보다 많은 것 같기도 합니다 대부분 러시아 서버인데 핑도 나쁘지는 않습니다 근데 들어가면 싹다 킥을 합니다 그냥 글옵이나 합시다..,1,0
여기 차에는 참기름 발라났어??어!!어!!어!!!,1,0
참신하지만 21000겜이라기엔 별로,1,0
엔들리스 쓰리 무의미한 반복으로 독특한 연출적 기법이라기 보다 같은 배경 같은 이벤트로 어떻게 하면 제작 비용을 단축할까 고민한것으로 밖에 안보임. 그냥 악한 엘런의 귀요미 매력으로 플레이한듯. 무슨 미연시도 아니고 엘런빼고 다 여캐여.,1,0
언어장벽...ㅠ,1,0
이 게임 재미없어요,1,0
원시 림월드 얼리엑세스라 했으면 좋았을 컨텐츠의 양,1,0
1은 안끊기는데 2는 왜 끊기는거야 대체 그리고 게임 걍 이상함,1,0
아이헤이트돈노드덱나인,1,0
멀티플레이 사람찾기=아시아에서 김서방찾기,1,0
카드팔이로 재미보려 했으나... 세일 기간엔 카드도 싸진다.,1,0
주인공이 멍청해 빠졌음,1,0
어.......그냥......전문적인 것 좋아하는 사람에게 추천.,1,0
할인해서 샀는데 겜,1,0
18..적당히 어려워야지.............,1,0
아는 형님 한테 통수 맞아서 산게임 1호 그의 이름은 JEKA,1,0
아직 실행전인데 벌써 뭘 쓰라냐,1,0
사람들이 이상함,1,0
ㅋㅋㅋㅋㅋㅋㅋㅋㅋㅋㅋㅋㅋㅋㅋ아 개웃기네,1,0
신발 세개 주더라구요 물론 세번째 신발은 나 ^^,1,0
재밌는데 dlc가 너무심합니다그리고 맵들좀 무료로 플어주세요 ㅠㅠ ';,1,0
전투 1번 -> 체크포인트 ->전투 1번 X 12 하면 겜 끝남 스토리나 캐릭터 육성은 딱 10달러 값어치 함 스킬 70개라고 광고하는데 한 캐릭당 사용 가능한 건 4개뿐이라 의미없음 재밌는 게임은 많고 할 시간은 없으니 이 게임은 걸러도 괜찮음,1,0
놀랄만큼 쉽고 재밌습니다!,1,0
만듦새가 매우 조약하다... 꼼수 한방에 모든 도전과제가 한방에...,1,0
접근은 쉽지만 파고들기 상당이어렵다 숨겨진노트가있어 고득점을할려면 외워야한다 맵이이리저리 움직여서 상당이 어지러울수있다 1곡당2200원이라 부담감이있다 전부 구매한다면 22만원이나온다 간단이 하기에는 재미있다,1,0
장점:1.캐릭터가 이쁨2.타격감이 괜찮음 단점:1.스토리 중간부터 막무가내로 나감2.플레이 타임 개짧음 재미는 있다만 살거면 반값 할인때 사시길,1,0
킹 갓겜,1,0
게임 풀레이 방식이 어렵네요,1,0
참고하면 재밌다 참고하면 재밌다 참고하면 재밌다 참고하면 재밌다고 하는데 나만 재미 없나봄 고티를 받았다고 해서 취향 안탈줄 알았는데 진짜 초반에 너무 재미가 없어서 그 뒷 내용이 전혀 궁금하지 않음,1,0
이겜은 모르면 맞아아지 7 배워야 기술이 외워진다는데...언제 외우나여? 기술도 모르면서 쳐맞기 귀찮다.ㅡㅡ,1,0
내가 개발자라면 이 작품 다음에는 잠자는 시뮬레이션을 개발하고 싶습니다. 물론 나는 영원히 잠잘 각오를 해야겠지만요.ㅎㅎ,1,0
"아니 30개 만드는 미션이 맞긴 한데, 주문을 31개를 받았으니까 31개분량 재료를 쓰지 왜 재료 더 쓰냐고 뭐라 하면 뭐하자는 거야",1,0
시발 그만좀 튕겨 좀 2~3분마다 튕기네,1,0
도전과제 모으는 게임,1,0
포커 모르면 할 수가 없음 쟤네들이 뭔가 개그를 치는데 거기에 따라갈 수 없음 미안하다 내 영어실력,1,0
패드를 사용하는데 패드만 인식한다. 마우스로 하려면 패드를 뺴야한다. 하지만 게임은 재미있다.,1,0
우주에서 하는 마인크래프트를 느겨보세요~,1,0
야 줠라 재밌네 진짜 플탐 14분,1,0
